index,sheet_folder,icon_name,file_path,source_image
1,01_recreational_courses,skin_diver,01_recreational_courses/skin_diver.png,f78fbd47-e8ea-5e14-913d-8b5d1ea7c7e5.png
2,01_recreational_courses,scuba_diver,01_recreational_courses/scuba_diver.png,f78fbd47-e8ea-5e14-913d-8b5d1ea7c7e5.png
3,01_recreational_courses,open_water_diver,01_recreational_courses/open_water_diver.png,f78fbd47-e8ea-5e14-913d-8b5d1ea7c7e5.png
4,01_recreational_courses,advanced_open_water_diver,01_recreational_courses/advanced_open_water_diver.png,f78fbd47-e8ea-5e14-913d-8b5d1ea7c7e5.png
5,01_recreational_courses,rescue_diver,01_recreational_courses/rescue_diver.png,f78fbd47-e8ea-5e14-913d-8b5d1ea7c7e5.png
6,01_recreational_courses,divemaster,01_recreational_courses/divemaster.png,f78fbd47-e8ea-5e14-913d-8b5d1ea7c7e5.png
7,01_recreational_courses,emergency_first_response,01_recreational_courses/emergency_first_response.png,f78fbd47-e8ea-5e14-913d-8b5d1ea7c7e5.png
8,01_recreational_courses,enriched_air_nitrox,01_recreational_courses/enriched_air_nitrox.png,f78fbd47-e8ea-5e14-913d-8b5d1ea7c7e5.png
9,01_recreational_courses,drysuit_diver,01_recreational_courses/drysuit_diver.png,f78fbd47-e8ea-5e14-913d-8b5d1ea7c7e5.png
10,01_recreational_courses,deep_diver,01_recreational_courses/deep_diver.png,f78fbd47-e8ea-5e14-913d-8b5d1ea7c7e5.png
11,01_recreational_courses,night_diver,01_recreational_courses/night_diver.png,f78fbd47-e8ea-5e14-913d-8b5d1ea7c7e5.png
12,01_recreational_courses,wreck_diver,01_recreational_courses/wreck_diver.png,f78fbd47-e8ea-5e14-913d-8b5d1ea7c7e5.png
13,01_recreational_courses,peak_performance_buoyancy,01_recreational_courses/peak_performance_buoyancy.png,f78fbd47-e8ea-5e14-913d-8b5d1ea7c7e5.png
14,01_recreational_courses,underwater_navigator,01_recreational_courses/underwater_navigator.png,f78fbd47-e8ea-5e14-913d-8b5d1ea7c7e5.png
15,01_recreational_courses,boat_diver,01_recreational_courses/boat_diver.png,f78fbd47-e8ea-5e14-913d-8b5d1ea7c7e5.png
16,02_specialty_courses_set_1,drift_diver,02_specialty_courses_set_1/drift_diver.png,3a6007ae-1498-5c52-9059-faf371ce2540.png
17,02_specialty_courses_set_1,search_and_recovery,02_specialty_courses_set_1/search_and_recovery.png,3a6007ae-1498-5c52-9059-faf371ce2540.png
18,02_specialty_courses_set_1,equipment_specialist,02_specialty_courses_set_1/equipment_specialist.png,3a6007ae-1498-5c52-9059-faf371ce2540.png
19,02_specialty_courses_set_1,fish_identification,02_specialty_courses_set_1/fish_identification.png,3a6007ae-1498-5c52-9059-faf371ce2540.png
20,02_specialty_courses_set_1,underwater_naturalist,02_specialty_courses_set_1/underwater_naturalist.png,3a6007ae-1498-5c52-9059-faf371ce2540.png
21,02_specialty_courses_set_1,underwater_photographer,02_specialty_courses_set_1/underwater_photographer.png,3a6007ae-1498-5c52-9059-faf371ce2540.png
22,02_specialty_courses_set_1,coral_reef_conservation,02_specialty_courses_set_1/coral_reef_conservation.png,3a6007ae-1498-5c52-9059-faf371ce2540.png
23,02_specialty_courses_set_1,self_reliant_diver,02_specialty_courses_set_1/self_reliant_diver.png,3a6007ae-1498-5c52-9059-faf371ce2540.png
24,02_specialty_courses_set_1,sidemount_diver,02_specialty_courses_set_1/sidemount_diver.png,3a6007ae-1498-5c52-9059-faf371ce2540.png
25,02_specialty_courses_set_1,adaptive_support_diver,02_specialty_courses_set_1/adaptive_support_diver.png,3a6007ae-1498-5c52-9059-faf371ce2540.png
26,02_specialty_courses_set_1,emergency_oxygen_provider,02_specialty_courses_set_1/emergency_oxygen_provider.png,3a6007ae-1498-5c52-9059-faf371ce2540.png
27,02_specialty_courses_set_1,full_face_mask_diver,02_specialty_courses_set_1/full_face_mask_diver.png,3a6007ae-1498-5c52-9059-faf371ce2540.png
28,02_specialty_courses_set_1,aware_shark_conservation,02_specialty_courses_set_1/aware_shark_conservation.png,3a6007ae-1498-5c52-9059-faf371ce2540.png
29,03_pro_courses,divemaster_pro,03_pro_courses/divemaster_pro.png,63ccd2ed-42a4-5be9-978d-0d40515e68a2.png
30,03_pro_courses,discover_scuba_diving_leader,03_pro_courses/discover_scuba_diving_leader.png,63ccd2ed-42a4-5be9-978d-0d40515e68a2.png
31,03_pro_courses,assistant_instructor,03_pro_courses/assistant_instructor.png,63ccd2ed-42a4-5be9-978d-0d40515e68a2.png
32,03_pro_courses,open_water_scuba_instructor,03_pro_courses/open_water_scuba_instructor.png,63ccd2ed-42a4-5be9-978d-0d40515e68a2.png
33,03_pro_courses,emergency_first_response_instructor,03_pro_courses/emergency_first_response_instructor.png,63ccd2ed-42a4-5be9-978d-0d40515e68a2.png
34,03_pro_courses,specialty_instructor,03_pro_courses/specialty_instructor.png,63ccd2ed-42a4-5be9-978d-0d40515e68a2.png
35,03_pro_courses,master_scuba_diver_trainer,03_pro_courses/master_scuba_diver_trainer.png,63ccd2ed-42a4-5be9-978d-0d40515e68a2.png
36,03_pro_courses,idc_staff_instructor,03_pro_courses/idc_staff_instructor.png,63ccd2ed-42a4-5be9-978d-0d40515e68a2.png
37,03_pro_courses,master_instructor,03_pro_courses/master_instructor.png,63ccd2ed-42a4-5be9-978d-0d40515e68a2.png
38,03_pro_courses,course_director,03_pro_courses/course_director.png,63ccd2ed-42a4-5be9-978d-0d40515e68a2.png
39,03_pro_courses,adaptive_techniques_specialty_instructor,03_pro_courses/adaptive_techniques_specialty_instructor.png,63ccd2ed-42a4-5be9-978d-0d40515e68a2.png
40,03_pro_courses,mermaid_instructor,03_pro_courses/mermaid_instructor.png,63ccd2ed-42a4-5be9-978d-0d40515e68a2.png
41,04_tec_courses,discover_tec,04_tec_courses/discover_tec.png,cdea3079-2a6e-56b2-9bde-9510e018864e.png
42,04_tec_courses,tec_basics,04_tec_courses/tec_basics.png,cdea3079-2a6e-56b2-9bde-9510e018864e.png
43,04_tec_courses,tec_40,04_tec_courses/tec_40.png,cdea3079-2a6e-56b2-9bde-9510e018864e.png
44,04_tec_courses,tec_45,04_tec_courses/tec_45.png,cdea3079-2a6e-56b2-9bde-9510e018864e.png
45,04_tec_courses,tec_50,04_tec_courses/tec_50.png,cdea3079-2a6e-56b2-9bde-9510e018864e.png
46,04_tec_courses,tec_sidemount,04_tec_courses/tec_sidemount.png,cdea3079-2a6e-56b2-9bde-9510e018864e.png
47,04_tec_courses,tec_gas_blender,04_tec_courses/tec_gas_blender.png,cdea3079-2a6e-56b2-9bde-9510e018864e.png
48,04_tec_courses,tec_trimix_65,04_tec_courses/tec_trimix_65.png,cdea3079-2a6e-56b2-9bde-9510e018864e.png
49,04_tec_courses,tec_trimix_diver,04_tec_courses/tec_trimix_diver.png,cdea3079-2a6e-56b2-9bde-9510e018864e.png
50,04_tec_courses,tec_40_ccr,04_tec_courses/tec_40_ccr.png,cdea3079-2a6e-56b2-9bde-9510e018864e.png
51,04_tec_courses,tec_60_ccr,04_tec_courses/tec_60_ccr.png,cdea3079-2a6e-56b2-9bde-9510e018864e.png
52,04_tec_courses,tec_100_ccr,04_tec_courses/tec_100_ccr.png,cdea3079-2a6e-56b2-9bde-9510e018864e.png
53,05_specialty_courses_set_2,altitude_diver,05_specialty_courses_set_2/altitude_diver.png,70130018-0e5e-59ad-acf8-6b3bb3e1f6af.png
54,05_specialty_courses_set_2,ice_diver,05_specialty_courses_set_2/ice_diver.png,70130018-0e5e-59ad-acf8-6b3bb3e1f6af.png
55,05_specialty_courses_set_2,multilevel_diver,05_specialty_courses_set_2/multilevel_diver.png,70130018-0e5e-59ad-acf8-6b3bb3e1f6af.png
56,05_specialty_courses_set_2,diver_propulsion_vehicle,05_specialty_courses_set_2/diver_propulsion_vehicle.png,70130018-0e5e-59ad-acf8-6b3bb3e1f6af.png
57,05_specialty_courses_set_2,aware_conservation,05_specialty_courses_set_2/aware_conservation.png,70130018-0e5e-59ad-acf8-6b3bb3e1f6af.png
58,05_specialty_courses_set_2,dive_against_debris,05_specialty_courses_set_2/dive_against_debris.png,70130018-0e5e-59ad-acf8-6b3bb3e1f6af.png
59,05_specialty_courses_set_2,public_safety_diver,05_specialty_courses_set_2/public_safety_diver.png,70130018-0e5e-59ad-acf8-6b3bb3e1f6af.png
60,05_specialty_courses_set_2,cavern_diver,05_specialty_courses_set_2/cavern_diver.png,70130018-0e5e-59ad-acf8-6b3bb3e1f6af.png
61,05_specialty_courses_set_2,rebreather_diver,05_specialty_courses_set_2/rebreather_diver.png,70130018-0e5e-59ad-acf8-6b3bb3e1f6af.png
62,05_specialty_courses_set_2,advanced_rebreather_diver,05_specialty_courses_set_2/advanced_rebreather_diver.png,70130018-0e5e-59ad-acf8-6b3bb3e1f6af.png
63,05_specialty_courses_set_2,freediver,05_specialty_courses_set_2/freediver.png,70130018-0e5e-59ad-acf8-6b3bb3e1f6af.png
64,05_specialty_courses_set_2,advanced_freediver,05_specialty_courses_set_2/advanced_freediver.png,70130018-0e5e-59ad-acf8-6b3bb3e1f6af.png
65,05_specialty_courses_set_2,mermaid_rescue,05_specialty_courses_set_2/mermaid_rescue.png,70130018-0e5e-59ad-acf8-6b3bb3e1f6af.png
66,05_specialty_courses_set_2,mermaid,05_specialty_courses_set_2/mermaid.png,70130018-0e5e-59ad-acf8-6b3bb3e1f6af.png
67,05_specialty_courses_set_2,basic_mermaid,05_specialty_courses_set_2/basic_mermaid.png,70130018-0e5e-59ad-acf8-6b3bb3e1f6af.png
68,06_water_entry_and_dive_types,saltwater,06_water_entry_and_dive_types/saltwater.png,8ad9bdd9-e767-59d3-84e1-b3be6089036a.png
69,06_water_entry_and_dive_types,freshwater,06_water_entry_and_dive_types/freshwater.png,8ad9bdd9-e767-59d3-84e1-b3be6089036a.png
70,06_water_entry_and_dive_types,brackish,06_water_entry_and_dive_types/brackish.png,8ad9bdd9-e767-59d3-84e1-b3be6089036a.png
71,06_water_entry_and_dive_types,unknown_water,06_water_entry_and_dive_types/unknown_water.png,8ad9bdd9-e767-59d3-84e1-b3be6089036a.png
72,06_water_entry_and_dive_types,other,06_water_entry_and_dive_types/other.png,8ad9bdd9-e767-59d3-84e1-b3be6089036a.png
73,06_water_entry_and_dive_types,shore,06_water_entry_and_dive_types/shore.png,8ad9bdd9-e767-59d3-84e1-b3be6089036a.png
74,06_water_entry_and_dive_types,boat_entry,06_water_entry_and_dive_types/boat_entry.png,8ad9bdd9-e767-59d3-84e1-b3be6089036a.png
75,06_water_entry_and_dive_types,pier,06_water_entry_and_dive_types/pier.png,8ad9bdd9-e767-59d3-84e1-b3be6089036a.png
76,06_water_entry_and_dive_types,liveaboard,06_water_entry_and_dive_types/liveaboard.png,8ad9bdd9-e767-59d3-84e1-b3be6089036a.png
77,06_water_entry_and_dive_types,training_dive,06_water_entry_and_dive_types/training_dive.png,8ad9bdd9-e767-59d3-84e1-b3be6089036a.png
78,06_water_entry_and_dive_types,recreational_diving,06_water_entry_and_dive_types/recreational_diving.png,8ad9bdd9-e767-59d3-84e1-b3be6089036a.png
79,06_water_entry_and_dive_types,technical_diving,06_water_entry_and_dive_types/technical_diving.png,8ad9bdd9-e767-59d3-84e1-b3be6089036a.png
80,07_core_logbook_icons,daytime,07_core_logbook_icons/daytime.png,2d270bc2-679e-56e7-9df2-6d399654ccea.png
81,07_core_logbook_icons,nighttime,07_core_logbook_icons/nighttime.png,2d270bc2-679e-56e7-9df2-6d399654ccea.png
82,07_core_logbook_icons,weather,07_core_logbook_icons/weather.png,2d270bc2-679e-56e7-9df2-6d399654ccea.png
83,07_core_logbook_icons,equipment,07_core_logbook_icons/equipment.png,2d270bc2-679e-56e7-9df2-6d399654ccea.png
84,07_core_logbook_icons,dive_cylinder,07_core_logbook_icons/dive_cylinder.png,2d270bc2-679e-56e7-9df2-6d399654ccea.png
85,07_core_logbook_icons,sac_rmv,07_core_logbook_icons/sac_rmv.png,2d270bc2-679e-56e7-9df2-6d399654ccea.png
86,07_core_logbook_icons,dive_computer,07_core_logbook_icons/dive_computer.png,2d270bc2-679e-56e7-9df2-6d399654ccea.png
87,07_core_logbook_icons,dive_site,07_core_logbook_icons/dive_site.png,2d270bc2-679e-56e7-9df2-6d399654ccea.png
88,07_core_logbook_icons,dive_plan,07_core_logbook_icons/dive_plan.png,2d270bc2-679e-56e7-9df2-6d399654ccea.png
89,07_core_logbook_icons,dive_photos,07_core_logbook_icons/dive_photos.png,2d270bc2-679e-56e7-9df2-6d399654ccea.png
90,07_core_logbook_icons,dive_skills,07_core_logbook_icons/dive_skills.png,2d270bc2-679e-56e7-9df2-6d399654ccea.png
91,08_sites_conditions_and_people,pool_confined_water,08_sites_conditions_and_people/pool_confined_water.png,4db09b1b-5129-533e-9037-df52497e213a.png
92,08_sites_conditions_and_people,quarry_inland_site,08_sites_conditions_and_people/quarry_inland_site.png,4db09b1b-5129-533e-9037-df52497e213a.png
93,08_sites_conditions_and_people,wreck_site,08_sites_conditions_and_people/wreck_site.png,4db09b1b-5129-533e-9037-df52497e213a.png
94,08_sites_conditions_and_people,reef_scenic_dive,08_sites_conditions_and_people/reef_scenic_dive.png,4db09b1b-5129-533e-9037-df52497e213a.png
95,08_sites_conditions_and_people,wall_drop_off,08_sites_conditions_and_people/wall_drop_off.png,4db09b1b-5129-533e-9037-df52497e213a.png
96,08_sites_conditions_and_people,drift_current,08_sites_conditions_and_people/drift_current.png,4db09b1b-5129-533e-9037-df52497e213a.png
97,08_sites_conditions_and_people,tide_slack_water,08_sites_conditions_and_people/tide_slack_water.png,4db09b1b-5129-533e-9037-df52497e213a.png
98,08_sites_conditions_and_people,surge_swell,08_sites_conditions_and_people/surge_swell.png,4db09b1b-5129-533e-9037-df52497e213a.png
99,08_sites_conditions_and_people,visibility,08_sites_conditions_and_people/visibility.png,4db09b1b-5129-533e-9037-df52497e213a.png
100,08_sites_conditions_and_people,water_temperature,08_sites_conditions_and_people/water_temperature.png,4db09b1b-5129-533e-9037-df52497e213a.png
101,08_sites_conditions_and_people,gas_mix,08_sites_conditions_and_people/gas_mix.png,4db09b1b-5129-533e-9037-df52497e213a.png
102,08_sites_conditions_and_people,start_end_pressure,08_sites_conditions_and_people/start_end_pressure.png,4db09b1b-5129-533e-9037-df52497e213a.png
103,08_sites_conditions_and_people,buddy_team,08_sites_conditions_and_people/buddy_team.png,4db09b1b-5129-533e-9037-df52497e213a.png
104,08_sites_conditions_and_people,instructor_guide,08_sites_conditions_and_people/instructor_guide.png,4db09b1b-5129-533e-9037-df52497e213a.png
105,08_sites_conditions_and_people,operator_dive_centre,08_sites_conditions_and_people/operator_dive_centre.png,4db09b1b-5129-533e-9037-df52497e213a.png
106,09_logbook_status_and_misc,dsmb_surface_marker_buoy,09_logbook_status_and_misc/dsmb_surface_marker_buoy.png,c221157d-5cfb-5ceb-8eba-b49432100fb1.png
107,09_logbook_status_and_misc,compass_navigation,09_logbook_status_and_misc/compass_navigation.png,c221157d-5cfb-5ceb-8eba-b49432100fb1.png
108,09_logbook_status_and_misc,safety_stop,09_logbook_status_and_misc/safety_stop.png,c221157d-5cfb-5ceb-8eba-b49432100fb1.png
109,09_logbook_status_and_misc,deco_stop,09_logbook_status_and_misc/deco_stop.png,c221157d-5cfb-5ceb-8eba-b49432100fb1.png
110,09_logbook_status_and_misc,weighting,09_logbook_status_and_misc/weighting.png,c221157d-5cfb-5ceb-8eba-b49432100fb1.png
111,09_logbook_status_and_misc,exposure_suit,09_logbook_status_and_misc/exposure_suit.png,c221157d-5cfb-5ceb-8eba-b49432100fb1.png
112,09_logbook_status_and_misc,human_factors_workload,09_logbook_status_and_misc/human_factors_workload.png,c221157d-5cfb-5ceb-8eba-b49432100fb1.png
113,09_logbook_status_and_misc,marine_life,09_logbook_status_and_misc/marine_life.png,c221157d-5cfb-5ceb-8eba-b49432100fb1.png
114,09_logbook_status_and_misc,photos,09_logbook_status_and_misc/photos.png,c221157d-5cfb-5ceb-8eba-b49432100fb1.png
115,09_logbook_status_and_misc,video,09_logbook_status_and_misc/video.png,c221157d-5cfb-5ceb-8eba-b49432100fb1.png
116,09_logbook_status_and_misc,favourite_dive,09_logbook_status_and_misc/favourite_dive.png,c221157d-5cfb-5ceb-8eba-b49432100fb1.png
117,09_logbook_status_and_misc,needs_review,09_logbook_status_and_misc/needs_review.png,c221157d-5cfb-5ceb-8eba-b49432100fb1.png
118,09_logbook_status_and_misc,imported_log,09_logbook_status_and_misc/imported_log.png,c221157d-5cfb-5ceb-8eba-b49432100fb1.png
119,10_logbook_gear_and_technical_misc,manual_log,10_logbook_gear_and_technical_misc/manual_log.png,006307f3-2525-5500-896b-b7ac244abe9c.png
120,10_logbook_gear_and_technical_misc,verified_log,10_logbook_gear_and_technical_misc/verified_log.png,006307f3-2525-5500-896b-b7ac244abe9c.png
121,10_logbook_gear_and_technical_misc,incident_near_miss,10_logbook_gear_and_technical_misc/incident_near_miss.png,006307f3-2525-5500-896b-b7ac244abe9c.png
122,10_logbook_gear_and_technical_misc,kit_issue,10_logbook_gear_and_technical_misc/kit_issue.png,006307f3-2525-5500-896b-b7ac244abe9c.png
123,10_logbook_gear_and_technical_misc,bailout_stage_cylinder,10_logbook_gear_and_technical_misc/bailout_stage_cylinder.png,006307f3-2525-5500-896b-b7ac244abe9c.png
124,10_logbook_gear_and_technical_misc,sidemount_configuration,10_logbook_gear_and_technical_misc/sidemount_configuration.png,006307f3-2525-5500-896b-b7ac244abe9c.png
125,10_logbook_gear_and_technical_misc,twinset,10_logbook_gear_and_technical_misc/twinset.png,006307f3-2525-5500-896b-b7ac244abe9c.png
126,10_logbook_gear_and_technical_misc,ccr_rebreather,10_logbook_gear_and_technical_misc/ccr_rebreather.png,006307f3-2525-5500-896b-b7ac244abe9c.png
127,10_logbook_gear_and_technical_misc,cavern,10_logbook_gear_and_technical_misc/cavern.png,006307f3-2525-5500-896b-b7ac244abe9c.png
128,10_logbook_gear_and_technical_misc,cave_overhead,10_logbook_gear_and_technical_misc/cave_overhead.png,006307f3-2525-5500-896b-b7ac244abe9c.png
129,10_logbook_gear_and_technical_misc,night_speciality,10_logbook_gear_and_technical_misc/night_speciality.png,006307f3-2525-5500-896b-b7ac244abe9c.png
130,10_logbook_gear_and_technical_misc,deep_dive,10_logbook_gear_and_technical_misc/deep_dive.png,006307f3-2525-5500-896b-b7ac244abe9c.png
131,10_logbook_gear_and_technical_misc,rescue_scenario,10_logbook_gear_and_technical_misc/rescue_scenario.png,006307f3-2525-5500-896b-b7ac244abe9c.png
